
INSERT INTO `bd_caso_estudo_vendas`.`tb_cli` (`cli_cod`, `cli_nome`, `cli_cpf`, `cli_end_rua`, `cli_end_num`, `cli_end_bairro`, `cli_end_cep`) VALUES
(1, 'Lucas Almeida', '111.222.333-44', 'Rua A', '100', 'Centro', '12345-678'),
(2, 'Maria Fernandes', '222.333.444-55', 'Rua B', '200', 'Bairro B', '23456-789'),
(3, 'João Pereira', '333.444.555-66', 'Rua C', '300', 'Bairro C', '34567-890'),
(4, 'Ana Costa', '444.555.666-77', 'Rua D', '400', 'Bairro D', '45678-901'),
(5, 'Pedro Santos', '555.666.777-88', 'Rua E', '500', 'Bairro E', '56789-012'),
(6, 'Juliana Silva', '666.777.888-99', 'Rua F', '600', 'Bairro F', '67890-123'),
(7, 'Felipe Oliveira', '777.888.999-00', 'Rua G', '700', 'Bairro G', '78901-234'),
(8, 'Fernanda Lima', '888.999.000-11', 'Rua H', '800', 'Bairro H', '89012-345'),
(9, 'Ricardo Santos', '999.000.111-22', 'Rua I', '900', 'Bairro I', '90123-456'),
(10, 'Tatiane Rocha', '000.111.222-33', 'Rua J', '1000', 'Bairro J', '01234-567');

INSERT INTO `bd_caso_estudo_vendas`.`tb_forn` (`forn_cod`, `forn_nome`, `forn_tel`) VALUES
(1, 'Fornecedor A', '1234-5678'),
(2, 'Fornecedor B', '2345-6789'),
(3, 'Fornecedor C', '3456-7890'),
(4, 'Fornecedor D', '4567-8901'),
(5, 'Fornecedor E', '5678-9012'),
(6, 'Fornecedor F', '6789-0123'),
(7, 'Fornecedor G', '7890-1234'),
(8, 'Fornecedor H', '8901-2345'),
(9, 'Fornecedor I', '9012-3456'),
(10, 'Fornecedor J', '0123-4567');

INSERT INTO `bd_caso_estudo_vendas`.`tb_depto` (`depto_cod`, `depto_desc`) VALUES
(1, 'Departamento de Vendas'),
(2, 'Departamento de Compras'),
(3, 'Departamento de Logística'),
(4, 'Departamento Financeiro'),
(5, 'Departamento de Recursos Humanos'),
(6, 'Departamento de TI'),
(7, 'Departamento de Marketing'),
(8, 'Departamento Jurídico'),
(9, 'Departamento de Atendimento ao Cliente'),
(10, 'Departamento de Produção');

INSERT INTO `bd_caso_estudo_vendas`.`tb_func` (`func_cod`, `func_depto`, `func_nome`, `func_cpf`) VALUES
(1, 1, 'Carlos Silva', '123.456.789-00'),
(2, 2, 'Ana Souza', '234.567.890-11'),
(3, 3, 'Pedro Lima', '345.678.901-22'),
(4, 4, 'Mariana Oliveira', '456.789.012-33'),
(5, 5, 'José Santos', '567.890.123-44'),
(6, 6, 'Claudia Costa', '678.901.234-55'),
(7, 7, 'Roberto Pereira', '789.012.345-66'),
(8, 8, 'Fernanda Alves', '890.123.456-77'),
(9, 9, 'Juliana Rodrigues', '901.234.567-88'),
(10, 10, 'Ricardo Martins', '012.345.678-99');

INSERT INTO `bd_caso_estudo_vendas`.`tb_compra` (`compra_cod`, `compra_cli_cod`, `compra_func_cod`, `compra_qtd_cod`) VALUES
(1, 1, 1, 3),
(2, 2, 2, 5),
(3, 3, 3, 2),
(4, 4, 4, 7),
(5, 5, 5, 4),
(6, 6, 6, 8),
(7, 7, 7, 6),
(8, 8, 8, 9),
(9, 9, 9, 10),
(10, 10, 10, 1);

INSERT INTO `bd_caso_estudo_vendas`.`tb_prod_comp` (`prod_cod`, `compra_cod`) VALUES
(1, 1),
(2, 1),
(3, 2),
(4, 2),
(5, 3),
(6, 4),
(7, 4),
(8, 5),
(9, 6),
(10, 7);

INSERT INTO `bd_caso_estudo_vendas`.`tb_prod` (`prod_cod`, `prod_forn_cod`, `prod_desc`, `prod_vlr`) VALUES
(1, 1, 'Produto A', 10.50),
(2, 2, 'Produto B', 20.75),
(3, 3, 'Produto C', 30.00),
(4, 4, 'Produto D', 40.25),
(5, 5, 'Produto E', 50.50),
(6, 6, 'Produto F', 60.75),
(7, 7, 'Produto G', 70.00),
(8, 8, 'Produto H', 80.25),
(9, 9, 'Produto I', 90.50),
(10, 10, 'Produto J', 100.75);

INSERT INTO `bd_caso_estudo_vendas`.`tb_cli_tel` (`tel_cod`, `tel_cli_cod`, `tel_num`) VALUES
(1, 1, '1234-5678'),
(2, 2, '2345-6789'),
(3, 3, '3456-7890'),
(4, 4, '4567-8901'),
(5, 5, '5678-9012'),
(6, 6, '6789-0123'),
(7, 7, '7890-1234'),
(8, 8, '8901-2345'),
(9, 9, '9012-3456'),
(10, 10, '0123-4567');
